{
  "predicted_chord": "F#-4-maj",
  "confidence": 0.9862989783287048,
  "estimated_octave": 4,
  "top_3_chords": [
    {
      "chord": "F#-4-maj",
      "probability": 0.9862989783287048
    },
    {
      "chord": "C#-4-maj",
      "probability": 0.0006163380458019674
    },
    {
      "chord": "D-4-maj",
      "probability": 2.0760646748385625e-06
    }
  ],
  "all_probabilities": {
    "C-4-maj": 2.690655476200732e-10,
    "C#-4-maj": 0.0006163380458019674,
    "D-4-maj": 2.0760646748385625e-06,
    "D#-4-maj": 1.1260908872046116e-10,
    "E-4-maj": 1.2939970872594131e-08,
    "F-4-maj": 3.947193505382529e-08,
    "F#-4-maj": 0.9862989783287048,
    "G-4-maj": 8.118664140965848e-08,
    "G#-4-maj": 9.764779262955159e-11,
    "A-4-maj": 2.0328107253053673e-11,
    "A#-3-maj": 2.4023957934105056e-08,
    "B-3-maj": 7.46529593698142e-08,
    "C-4-min": 2.6665296706807062e-11,
    "C#-4-min": 9.450199733862519e-09,
    "D-4-min": 4.509645424016079e-14,
    "D#-4-min": 5.525754853685783e-10,
    "E-4-min": 3.0348683635605944e-12,
    "F-4-min": 4.6318743285311825e-10,
    "F#-4-min": 2.8439405497238113e-08,
    "G-4-min": 8.42293873537514e-11,
    "G#-4-min": 8.96747899461342e-13,
    "A-4-min": 8.877130280351682e-17,
    "A#-3-min": 2.039149194388301e-06,
    "B-3-min": 1.9151643812498342e-11
  }
}